"Person ID","First name","Last name",Party,Constituency,URI
10001,Diane,Abbott,Labour,"Hackney North and Stoke Newington",http://www.theyworkforyou.com/mp/10001/diane_abbott/hackney_north_and_stoke_newington
25034,Debbie,Abrahams,Labour,"Oldham East and Saddleworth",http://www.theyworkforyou.com/mp/25034/debbie_abrahams/oldham_east_and_saddleworth
24878,Nigel,Adams,Conservative,"Selby and Ainsty",http://www.theyworkforyou.com/mp/24878/nigel_adams/selby_and_ainsty
11929,Adam,Afriyie,Conservative,Windsor,http://www.theyworkforyou.com/mp/11929/adam_afriyie/windsor
25274,Tasmina,Ahmed-Sheikh,"Scottish National Party","Ochil and South Perthshire",http://www.theyworkforyou.com/mp/25274/tasmina_ahmed-sheikh/ochil_and_south_perthshire
24904,Peter,Aldous,Conservative,Waveney,http://www.theyworkforyou.com/mp/24904/peter_aldous/waveney
24953,Heidi,Alexander,Labour,"Lewisham East",http://www.theyworkforyou.com/mp/24953/heidi_alexander/lewisham_east
24958,Rushanara,Ali,Labour,"Bethnal Green and Bow",http://www.theyworkforyou.com/mp/24958/rushanara_ali/bethnal_green_and_bow
25337,Lucy,Allan,Conservative,Telford,http://www.theyworkforyou.com/mp/25337/lucy_allan/telford
10008,Graham,Allen,Labour,"Nottingham North",http://www.theyworkforyou.com/mp/10008/graham_allen/nottingham_north
25348,Heidi,Allen,Conservative,"South Cambridgeshire",http://www.theyworkforyou.com/mp/25348/heidi_allen/south_cambridgeshire
10009,David,Amess,Conservative,"Southend West",http://www.theyworkforyou.com/mp/10009/david_amess/southend_west
11427,David,Anderson,Labour,Blaydon,http://www.theyworkforyou.com/mp/11427/david_anderson/blaydon
24864,Stuart,Andrew,Conservative,Pudsey,http://www.theyworkforyou.com/mp/24864/stuart_andrew/pudsey
25335,Caroline,Ansell,Conservative,Eastbourne,http://www.theyworkforyou.com/mp/25335/caroline_ansell/eastbourne
25396,Edward,Argar,Conservative,Charnwood,http://www.theyworkforyou.com/mp/25396/edward_argar/charnwood
25351,Richard,Arkless,"Scottish National Party","Dumfries and Galloway",http://www.theyworkforyou.com/mp/25351/richard_arkless/dumfries_and_galloway
25120,Jon,Ashworth,Labour/Co-operative,"Leicester South",http://www.theyworkforyou.com/mp/25120/jon_ashworth/leicester_south
25424,Victoria,Atkins,Conservative,"Louth and Horncastle",http://www.theyworkforyou.com/mp/25424/victoria_atkins/louth_and_horncastle
11553,Ian,Austin,Labour,"Dudley North",http://www.theyworkforyou.com/mp/11553/ian_austin/dudley_north
10707,Richard,Bacon,Conservative,"South Norfolk",http://www.theyworkforyou.com/mp/10707/richard_bacon/south_norfolk
10683,Adrian,Bailey,Labour/Co-operative,"West Bromwich West",http://www.theyworkforyou.com/mp/10683/adrian_bailey/west_bromwich_west
24786,Steven,Baker,Conservative,Wycombe,http://www.theyworkforyou.com/mp/24786/steven_baker/wycombe
24785,Harriett,Baldwin,Conservative,"West Worcestershire",http://www.theyworkforyou.com/mp/24785/harriett_baldwin/west_worcestershire
24916,Stephen,Barclay,Conservative,"North East Cambridgeshire",http://www.theyworkforyou.com/mp/24916/stephen_barclay/north_east_cambridgeshire
25409,Hannah,Bardell,"Scottish National Party",Livingston,http://www.theyworkforyou.com/mp/25409/hannah_bardell/livingston
10715,John,Baron,Conservative,"Basildon and Billericay",http://www.theyworkforyou.com/mp/10715/john_baron/basildon_and_billericay
10027,Kevin,Barron,Labour,"Rother Valley",http://www.theyworkforyou.com/mp/10027/kevin_barron/rother_valley
24863,Gavin,Barwell,Conservative,"Croydon Central",http://www.theyworkforyou.com/mp/24863/gavin_barwell/croydon_central
24736,Guto,Bebb,Conservative,Aberconwy,http://www.theyworkforyou.com/mp/24736/guto_bebb/aberconwy
10031,Margaret,Beckett,Labour,"Derby South",http://www.theyworkforyou.com/mp/10031/margaret_beckett/derby_south
10726,Henry,Bellingham,Conservative,"North West Norfolk",http://www.theyworkforyou.com/mp/10726/henry_bellingham/north_west_norfolk
10669,Hilary,Benn,Labour,"Leeds Central",http://www.theyworkforyou.com/mp/10669/hilary_benn/leeds_central
11727,Richard,Benyon,Conservative,Newbury,http://www.theyworkforyou.com/mp/11727/richard_benyon/newbury
10040,John,Bercow,Speaker,Buckingham,http://www.theyworkforyou.com/mp/10040/john_bercow/buckingham
10041,Paul,Beresford,Conservative,"Mole Valley",http://www.theyworkforyou.com/mp/10041/paul_beresford/mole_valley
24924,Luciana,Berger,Labour/Co-operative,"Liverpool, Wavertree",http://www.theyworkforyou.com/mp/24924/luciana_berger/liverpool%2C_wavertree
24860,Jake,Berry,Conservative,"Rossendale and Darwen",http://www.theyworkforyou.com/mp/24860/jake_berry/rossendale_and_darwen
25312,James,Berry,Conservative,"Kingston and Surbiton",http://www.theyworkforyou.com/mp/25312/james_berry/kingston_and_surbiton
10045,Clive,Betts,Labour,"Sheffield South East",http://www.theyworkforyou.com/mp/10045/clive_betts/sheffield_south_east
24748,Andrew,Bingham,Conservative,"High Peak",http://www.theyworkforyou.com/mp/24748/andrew_bingham/high_peak
25269,Mhairi,Black,"Scottish National Party","Paisley and Renfrewshire South",http://www.theyworkforyou.com/mp/25269/mhairi_black/paisley_and_renfrewshire_south
25361,Ian,Blackford,"Scottish National Party","Ross, Skye and Lochaber",http://www.theyworkforyou.com/mp/25361/ian_blackford/ross%2C_skye_and_lochaber
24945,Bob,Blackman,Conservative,"Harrow East",http://www.theyworkforyou.com/mp/24945/bob_blackman/harrow_east
25314,Kirsty,Blackman,"Scottish National Party","Aberdeen North",http://www.theyworkforyou.com/mp/25314/kirsty_blackman/aberdeen_north
11558,Roberta,Blackman-Woods,Labour,"City of Durham",http://www.theyworkforyou.com/mp/11558/roberta_blackman-woods/city_of_durham
24842,Nicola,Blackwood,Conservative,"Oxford West and Abingdon",http://www.theyworkforyou.com/mp/24842/nicola_blackwood/oxford_west_and_abingdon
24848,Tom,Blenkinsop,Labour,"Middlesbrough South and East Cleveland",http://www.theyworkforyou.com/mp/24848/tom_blenkinsop/middlesbrough_south_and_east_cleveland
24943,Paul,Blomfield,Labour,"Sheffield Central",http://www.theyworkforyou.com/mp/24943/paul_blomfield/sheffield_central
10051,Crispin,Blunt,Conservative,Reigate,http://www.theyworkforyou.com/mp/10051/crispin_blunt/reigate
24766,Nicholas,Boles,Conservative,"Grantham and Stamford",http://www.theyworkforyou.com/mp/24766/nicholas_boles/grantham_and_stamford
11915,Peter,Bone,Conservative,Wellingborough,http://www.theyworkforyou.com/mp/11915/peter_bone/wellingborough
25311,Victoria,Borwick,Conservative,Kensington,http://www.theyworkforyou.com/mp/25311/victoria_borwick/kensington
25315,Phil,Boswell,"Scottish National Party","Coatbridge, Chryston and Bellshill",http://www.theyworkforyou.com/mp/25315/phil_boswell/coatbridge%2C_chryston_and_bellshill
10057,Peter,Bottomley,Conservative,"Worthing West",http://www.theyworkforyou.com/mp/10057/peter_bottomley/worthing_west
24725,Karen,Bradley,Conservative,"Staffordshire Moorlands",http://www.theyworkforyou.com/mp/24725/karen_bradley/staffordshire_moorlands
10061,Ben,Bradshaw,Labour,Exeter,http://www.theyworkforyou.com/mp/10061/ben_bradshaw/exeter
10062,Graham,Brady,Conservative,"Altrincham and Sale West",http://www.theyworkforyou.com/mp/10062/graham_brady/altrincham_and_sale_west
13893,Mickey,Brady,"Sinn Féin","Newry and Armagh",http://www.theyworkforyou.com/mp/13893/mickey_brady/newry_and_armagh
10063,Tom,Brake,"Liberal Democrat","Carshalton and Wallington",http://www.theyworkforyou.com/mp/10063/tom_brake/carshalton_and_wallington
10065,Julian,Brazier,Conservative,Canterbury,http://www.theyworkforyou.com/mp/10065/julian_brazier/canterbury
10753,Kevin,Brennan,Labour,"Cardiff West",http://www.theyworkforyou.com/mp/10753/kevin_brennan/cardiff_west
24741,Andrew,Bridgen,Conservative,"North West Leicestershire",http://www.theyworkforyou.com/mp/24741/andrew_bridgen/north_west_leicestershire
24901,Steve,Brine,Conservative,Winchester,http://www.theyworkforyou.com/mp/24901/steve_brine/winchester
25336,Deidre,Brock,"Scottish National Party","Edinburgh North and Leith",http://www.theyworkforyou.com/mp/25336/deidre_brock/edinburgh_north_and_leith
11640,James,Brokenshire,Conservative,"Old Bexley and Sidcup",http://www.theyworkforyou.com/mp/11640/james_brokenshire/old_bexley_and_sidcup
25268,Alan,Brown,"Scottish National Party","Kilmarnock and Loudoun",http://www.theyworkforyou.com/mp/25268/alan_brown/kilmarnock_and_loudoun
11921,Lyn,Brown,Labour,"West Ham",http://www.theyworkforyou.com/mp/11921/lyn_brown/west_ham
10069,Nick,Brown,Labour,"Newcastle upon Tyne East",http://www.theyworkforyou.com/mp/10069/nick_brown/newcastle_upon_tyne_east
24857,Fiona,Bruce,Conservative,Congleton,http://www.theyworkforyou.com/mp/24857/fiona_bruce/congleton
10761,Chris,Bryant,Labour,Rhondda,http://www.theyworkforyou.com/mp/10761/chris_bryant/rhondda
10075,Karen,Buck,Labour,"Westminster North",http://www.theyworkforyou.com/mp/10075/karen_buck/westminster_north
24843,Robert,Buckland,Conservative,"South Swindon",http://www.theyworkforyou.com/mp/24843/robert_buckland/south_swindon
10076,Richard,Burden,Labour,"Birmingham, Northfield",http://www.theyworkforyou.com/mp/10076/richard_burden/birmingham%2C_northfield
25391,Richard,Burgon,Labour,"Leeds East",http://www.theyworkforyou.com/mp/25391/richard_burgon/leeds_east
10766,Andy,Burnham,Labour,Leigh,http://www.theyworkforyou.com/mp/10766/andy_burnham/leigh
24780,Conor,Burns,Conservative,"Bournemouth West",http://www.theyworkforyou.com/mp/24780/conor_burns/bournemouth_west
10079,Simon,Burns,Conservative,Chelmsford,http://www.theyworkforyou.com/mp/10079/simon_burns/chelmsford
11573,David,Burrowes,Conservative,"Enfield, Southgate",http://www.theyworkforyou.com/mp/11573/david_burrowes/enfield%2C_southgate
10770,Alistair,Burt,Conservative,"North East Bedfordshire",http://www.theyworkforyou.com/mp/10770/alistair_burt/north_east_bedfordshire
11447,Dawn,Butler,Labour,"Brent Central",http://www.theyworkforyou.com/mp/11447/dawn_butler/brent_central
11360,Liam,Byrne,Labour,"Birmingham, Hodge Hill",http://www.theyworkforyou.com/mp/11360/liam_byrne/birmingham%2C_hodge_hill
25343,Ruth,Cadbury,Labour,"Brentford and Isleworth",http://www.theyworkforyou.com/mp/25343/ruth_cadbury/brentford_and_isleworth
24740,Alun,Cairns,Conservative,"Vale of Glamorgan",http://www.theyworkforyou.com/mp/24740/alun_cairns/vale_of_glamorgan
10777,David,Cameron,Conservative,Witney,http://www.theyworkforyou.com/mp/10777/david_cameron/witney
25276,Lisa,Cameron,"Scottish National Party","East Kilbride, Strathaven and Lesmahagow",http://www.theyworkforyou.com/mp/25276/lisa_cameron/east_kilbride%2C_strathaven_and_lesmahagow
10086,Alan,Campbell,Labour,Tynemouth,http://www.theyworkforyou.com/mp/10086/alan_campbell/tynemouth
10780,Gregory,Campbell,DUP,"East Londonderry",http://www.theyworkforyou.com/mp/10780/gregory_campbell/east_londonderry
10089,Ronnie,Campbell,Labour,"Blyth Valley",http://www.theyworkforyou.com/mp/10089/ronnie_campbell/blyth_valley
10785,Alistair,Carmichael,"Liberal Democrat","Orkney and Shetland",http://www.theyworkforyou.com/mp/10785/alistair_carmichael/orkney_and_shetland
24840,Neil,Carmichael,Conservative,Stroud,http://www.theyworkforyou.com/mp/24840/neil_carmichael/stroud
11621,Douglas,Carswell,UKIP,Clacton,http://www.theyworkforyou.com/mp/11621/douglas_carswell/clacton
25414,James,Cartlidge,Conservative,"South Suffolk",http://www.theyworkforyou.com/mp/25414/james_cartlidge/south_suffolk
10095,Bill,Cash,Conservative,Stone,http://www.theyworkforyou.com/mp/10095/bill_cash/stone
25397,Maria,Caulfield,Conservative,Lewes,http://www.theyworkforyou.com/mp/25397/maria_caulfield/lewes
25340,Alex,Chalk,Conservative,Cheltenham,http://www.theyworkforyou.com/mp/25340/alex_chalk/cheltenham
25168,Sarah,Champion,Labour,Rotherham,http://www.theyworkforyou.com/mp/25168/sarah_champion/rotherham
25305,Douglas,Chapman,"Scottish National Party","Dunfermline and West Fife",http://www.theyworkforyou.com/mp/25305/douglas_chapman/dunfermline_and_west_fife
24711,Jenny,Chapman,Labour,Darlington,http://www.theyworkforyou.com/mp/24711/jenny_chapman/darlington
25404,Joanna,Cherry,"Scottish National Party","Edinburgh South West",http://www.theyworkforyou.com/mp/25404/joanna_cherry/edinburgh_south_west
24920,Rehman,Chishti,Conservative,"Gillingham and Rainham",http://www.theyworkforyou.com/mp/24920/rehman_chishti/gillingham_and_rainham
10103,Christopher,Chope,Conservative,Christchurch,http://www.theyworkforyou.com/mp/10103/christopher_chope/christchurch
25408,Jo,Churchill,Conservative,"Bury St Edmunds",http://www.theyworkforyou.com/mp/25408/jo_churchill/bury_st_edmunds
11884,Greg,Clark,Conservative,"Tunbridge Wells",http://www.theyworkforyou.com/mp/11884/greg_clark/tunbridge_wells
10115,Kenneth,Clarke,Conservative,Rushcliffe,http://www.theyworkforyou.com/mp/10115/kenneth_clarke/rushcliffe
11812,Nick,Clegg,"Liberal Democrat","Sheffield, Hallam",http://www.theyworkforyou.com/mp/11812/nick_clegg/sheffield%2C_hallam
25376,James,Cleverly,Conservative,Braintree,http://www.theyworkforyou.com/mp/25376/james_cleverly/braintree
10119,Geoffrey,Clifton-Brown,Conservative,"The Cotswolds",http://www.theyworkforyou.com/mp/10119/geoffrey_clifton-brown/the_cotswolds
10120,Ann,Clwyd,Labour,"Cynon Valley",http://www.theyworkforyou.com/mp/10120/ann_clwyd/cynon_valley
10121,Vernon,Coaker,Labour,Gedling,http://www.theyworkforyou.com/mp/10121/vernon_coaker/gedling
10122,Ann,Coffey,Labour,Stockport,http://www.theyworkforyou.com/mp/10122/ann_coffey/stockport
24771,Therese,Coffey,Conservative,"Suffolk Coastal",http://www.theyworkforyou.com/mp/24771/therese_coffey/suffolk_coastal
24744,Damian,Collins,Conservative,"Folkestone and Hythe",http://www.theyworkforyou.com/mp/24744/damian_collins/folkestone_and_hythe
24898,Oliver,Colvile,Conservative,"Plymouth, Sutton and Devonport",http://www.theyworkforyou.com/mp/24898/oliver_colvile/plymouth%2C_sutton_and_devonport
25283,Julie,Cooper,Labour,Burnley,http://www.theyworkforyou.com/mp/25283/julie_cooper/burnley
11667,Rosie,Cooper,Labour,"West Lancashire",http://www.theyworkforyou.com/mp/11667/rosie_cooper/west_lancashire
10131,Yvette,Cooper,Labour,"Normanton, Pontefract and Castleford",http://www.theyworkforyou.com/mp/10131/yvette_cooper/normanton%2C_pontefract_and_castleford
10133,Jeremy,Corbyn,Labour,"Islington North",http://www.theyworkforyou.com/mp/10133/jeremy_corbyn/islington_north
25413,Alberto,Costa,Conservative,"South Leicestershire",http://www.theyworkforyou.com/mp/25413/alberto_costa/south_leicestershire
25288,Ronnie,Cowan,"Scottish National Party",Inverclyde,http://www.theyworkforyou.com/mp/25288/ronnie_cowan/inverclyde
11541,Geoffrey,Cox,Conservative,"Torridge and West Devon",http://www.theyworkforyou.com/mp/11541/geoffrey_cox/torridge_and_west_devon
25394,Jo,Cox,Labour,"Batley and Spen",http://www.theyworkforyou.com/mp/25394/jo_cox/batley_and_spen
25326,Neil,Coyle,Labour,"Bermondsey and Old Southwark",http://www.theyworkforyou.com/mp/25326/neil_coyle/bermondsey_and_old_southwark
11768,Stephen,Crabb,Conservative,"Preseli Pembrokeshire",http://www.theyworkforyou.com/mp/11768/stephen_crabb/preseli_pembrokeshire
10141,David,Crausby,Labour,"Bolton North East",http://www.theyworkforyou.com/mp/10141/david_crausby/bolton_north_east
25295,Angela,Crawley,"Scottish National Party","Lanark and Hamilton East",http://www.theyworkforyou.com/mp/25295/angela_crawley/lanark_and_hamilton_east
11898,Mary,Creagh,Labour,Wakefield,http://www.theyworkforyou.com/mp/11898/mary_creagh/wakefield
24949,Stella,Creasy,Labour/Co-operative,Walthamstow,http://www.theyworkforyou.com/mp/24949/stella_creasy/walthamstow
24871,Tracey,Crouch,Conservative,"Chatham and Aylesford",http://www.theyworkforyou.com/mp/24871/tracey_crouch/chatham_and_aylesford
10828,Jon,Cruddas,Labour,"Dagenham and Rainham",http://www.theyworkforyou.com/mp/10828/jon_cruddas/dagenham_and_rainham
10143,John,Cryer,Labour,"Leyton and Wanstead",http://www.theyworkforyou.com/mp/10143/john_cryer/leyton_and_wanstead
25393,Judith,Cummins,Labour,"Bradford South",http://www.theyworkforyou.com/mp/25393/judith_cummins/bradford_south
24742,Alex,Cunningham,Labour,"Stockton North",http://www.theyworkforyou.com/mp/24742/alex_cunningham/stockton_north
10147,Jim,Cunningham,Labour,"Coventry South",http://www.theyworkforyou.com/mp/10147/jim_cunningham/coventry_south
24798,Nicholas,Dakin,Labour,Scunthorpe,http://www.theyworkforyou.com/mp/24798/nicholas_dakin/scunthorpe
24808,Simon,Danczuk,Labour,Rochdale,http://www.theyworkforyou.com/mp/24808/simon_danczuk/rochdale
10842,Wayne,David,Labour,Caerphilly,http://www.theyworkforyou.com/mp/10842/wayne_david/caerphilly
25355,Byron,Davies,Conservative,Gower,http://www.theyworkforyou.com/mp/25355/byron_davies/gower
25282,Chris,Davies,Conservative,"Brecon and Radnorshire",http://www.theyworkforyou.com/mp/25282/chris_davies/brecon_and_radnorshire
11719,David,Davies,Conservative,Monmouth,http://www.theyworkforyou.com/mp/11719/david_davies/monmouth
10159,Geraint,Davies,Labour/Co-operative,"Swansea West",http://www.theyworkforyou.com/mp/10159/geraint_davies/swansea_west
24739,Glyn,Davies,Conservative,Montgomeryshire,http://www.theyworkforyou.com/mp/24739/glyn_davies/montgomeryshire
25292,James,Davies,Conservative,"Vale of Clwyd",http://www.theyworkforyou.com/mp/25292/james_davies/vale_of_clwyd
25330,Mims,Davies,Conservative,Eastleigh,http://www.theyworkforyou.com/mp/25330/mims_davies/eastleigh
11816,Philip,Davies,Conservative,Shipley,http://www.theyworkforyou.com/mp/11816/philip_davies/shipley
10162,David,Davis,Conservative,"Haltemprice and Howden",http://www.theyworkforyou.com/mp/10162/david_davis/haltemprice_and_howden
25307,Martyn,Day,"Scottish National Party","Linlithgow and East Falkirk",http://www.theyworkforyou.com/mp/25307/martyn_day/linlithgow_and_east_falkirk
24811,Gloria,"De Piero",Labour,Ashfield,http://www.theyworkforyou.com/mp/24811/gloria_de_piero/ashfield
25402,Thangam,Debbonaire,Labour,"Bristol West",http://www.theyworkforyou.com/mp/25402/thangam_debbonaire/bristol_west
24873,Caroline,Dinenage,Conservative,Gosport,http://www.theyworkforyou.com/mp/24873/caroline_dinenage/gosport
10854,Jonathan,Djanogly,Conservative,Huntingdon,http://www.theyworkforyou.com/mp/10854/jonathan_djanogly/huntingdon
25275,Martin,Docherty,"Scottish National Party","West Dunbartonshire",http://www.theyworkforyou.com/mp/25275/martin_docherty/west_dunbartonshire
10857,Nigel,Dodds,DUP,"Belfast North",http://www.theyworkforyou.com/mp/10857/nigel_dodds/belfast_north
10858,Pat,Doherty,"Sinn Féin","West Tyrone",http://www.theyworkforyou.com/mp/10858/pat_doherty/west_tyrone
10172,"Jeffrey M.",Donaldson,DUP,"Lagan Valley",http://www.theyworkforyou.com/mp/10172/jeffrey_m._donaldson/lagan_valley
25425,Stuart,Donaldson,"Scottish National Party","West Aberdeenshire and Kincardine",http://www.theyworkforyou.com/mp/25425/stuart_donaldson/west_aberdeenshire_and_kincardine
25316,Michelle,Donelan,Conservative,Chippenham,http://www.theyworkforyou.com/mp/25316/michelle_donelan/chippenham
11397,Nadine,Dorries,Conservative,"Mid Bedfordshire",http://www.theyworkforyou.com/mp/11397/nadine_dorries/mid_bedfordshire
25410,Steve,Double,Conservative,"St Austell and Newquay",http://www.theyworkforyou.com/mp/25410/steve_double/st_austell_and_newquay
25166,Stephen,Doughty,Labour/Co-operative,"Cardiff South and Penarth",http://www.theyworkforyou.com/mp/25166/stephen_doughty/cardiff_south_and_penarth
10176,Jim,Dowd,Labour,"Lewisham West and Penge",http://www.theyworkforyou.com/mp/10176/jim_dowd/lewisham_west_and_penge
25309,Peter,Dowd,Labour,Bootle,http://www.theyworkforyou.com/mp/25309/peter_dowd/bootle
25323,Oliver,Dowden,Conservative,Hertsmere,http://www.theyworkforyou.com/mp/25323/oliver_dowden/hertsmere
24957,Jackie,Doyle-Price,Conservative,Thurrock,http://www.theyworkforyou.com/mp/24957/jackie_doyle-price/thurrock
24903,Richard,Drax,Conservative,"South Dorset",http://www.theyworkforyou.com/mp/24903/richard_drax/south_dorset
24825,Jack,Dromey,Labour,"Birmingham, Erdington",http://www.theyworkforyou.com/mp/24825/jack_dromey/birmingham%2C_erdington
25392,Flick,Drummond,Conservative,"Portsmouth South",http://www.theyworkforyou.com/mp/25392/flick_drummond/portsmouth_south
11785,James,Duddridge,Conservative,"Rochford and Southend East",http://www.theyworkforyou.com/mp/11785/james_duddridge/rochford_and_southend_east
24762,Michael,Dugher,Labour,"Barnsley East",http://www.theyworkforyou.com/mp/24762/michael_dugher/barnsley_east
10179,Alan,Duncan,Conservative,"Rutland and Melton",http://www.theyworkforyou.com/mp/10179/alan_duncan/rutland_and_melton
10180,Iain,"Duncan Smith",Conservative,"Chingford and Woodford Green",http://www.theyworkforyou.com/mp/10180/iain_duncan_smith/chingford_and_woodford_green
11696,Philip,Dunne,Conservative,Ludlow,http://www.theyworkforyou.com/mp/11696/philip_dunne/ludlow
11589,Mark,Durkan,"Social Democratic and Labour Party",Foyle,http://www.theyworkforyou.com/mp/11589/mark_durkan/foyle
10182,Angela,Eagle,Labour,Wallasey,http://www.theyworkforyou.com/mp/10182/angela_eagle/wallasey
10183,Maria,Eagle,Labour,"Garston and Halewood",http://www.theyworkforyou.com/mp/10183/maria_eagle/garston_and_halewood
24743,Jonathan,Edwards,"Plaid Cymru","Carmarthen East and Dinefwr",http://www.theyworkforyou.com/mp/24743/jonathan_edwards/carmarthen_east_and_dinefwr
10185,Clive,Efford,Labour,Eltham,http://www.theyworkforyou.com/mp/10185/clive_efford/eltham
24710,Julie,Elliott,Labour,"Sunderland Central",http://www.theyworkforyou.com/mp/24710/julie_elliott/sunderland_central
13781,Tom,Elliott,UUP,"Fermanagh and South Tyrone",http://www.theyworkforyou.com/mp/13781/tom_elliott/fermanagh_and_south_tyrone
24866,Michael,Ellis,Conservative,"Northampton North",http://www.theyworkforyou.com/mp/24866/michael_ellis/northampton_north
24719,Jane,Ellison,Conservative,Battersea,http://www.theyworkforyou.com/mp/24719/jane_ellison/battersea
10186,Louise,Ellman,Labour/Co-operative,"Liverpool, Riverside",http://www.theyworkforyou.com/mp/10186/louise_ellman/liverpool%2C_riverside
11437,Tobias,Ellwood,Conservative,"Bournemouth East",http://www.theyworkforyou.com/mp/11437/tobias_ellwood/bournemouth_east
25490,Chris,Elmore,Labour,Ogmore,http://www.theyworkforyou.com/mp/25490/chris_elmore/ogmore
24777,Charlie,Elphicke,Conservative,Dover,http://www.theyworkforyou.com/mp/24777/charlie_elphicke/dover
11534,Natascha,Engel,Labour,"North East Derbyshire",http://www.theyworkforyou.com/mp/11534/natascha_engel/north_east_derbyshire
24905,Bill,Esterson,Labour,"Sefton Central",http://www.theyworkforyou.com/mp/24905/bill_esterson/sefton_central
24933,George,Eustice,Conservative,"Camborne and Redruth",http://www.theyworkforyou.com/mp/24933/george_eustice/camborne_and_redruth
24721,Chris,Evans,Labour/Co-operative,Islwyn,http://www.theyworkforyou.com/mp/24721/chris_evans/islwyn
24883,Graham,Evans,Conservative,"Weaver Vale",http://www.theyworkforyou.com/mp/24883/graham_evans/weaver_vale
10190,Nigel,Evans,Conservative,"Ribble Valley",http://www.theyworkforyou.com/mp/10190/nigel_evans/ribble_valley
11408,David,Evennett,Conservative,"Bexleyheath and Crayford",http://www.theyworkforyou.com/mp/11408/david_evennett/bexleyheath_and_crayford
10193,Michael,Fabricant,Conservative,Lichfield,http://www.theyworkforyou.com/mp/10193/michael_fabricant/lichfield
10194,Michael,Fallon,Conservative,Sevenoaks,http://www.theyworkforyou.com/mp/10194/michael_fallon/sevenoaks
10882,Paul,Farrelly,Labour,Newcastle-under-Lyme,http://www.theyworkforyou.com/mp/10882/paul_farrelly/newcastle-under-lyme
11923,Tim,Farron,"Liberal Democrat","Westmorland and Lonsdale",http://www.theyworkforyou.com/mp/11923/tim_farron/westmorland_and_lonsdale
25277,Marion,Fellows,"Scottish National Party","Motherwell and Wishaw",http://www.theyworkforyou.com/mp/25277/marion_fellows/motherwell_and_wishaw
25272,Suella,Fernandes,Conservative,Fareham,http://www.theyworkforyou.com/mp/25272/suella_fernandes/fareham
25287,Margaret,Ferrier,"Scottish National Party","Rutherglen and Hamilton West",http://www.theyworkforyou.com/mp/25287/margaret_ferrier/rutherglen_and_hamilton_west
10197,Frank,Field,Labour,Birkenhead,http://www.theyworkforyou.com/mp/10197/frank_field/birkenhead
10884,Mark,Field,Conservative,"Cities of London and Westminster",http://www.theyworkforyou.com/mp/10884/mark_field/cities_of_london_and_westminster
10199,Jim,Fitzpatrick,Labour,"Poplar and Limehouse",http://www.theyworkforyou.com/mp/10199/jim_fitzpatrick/poplar_and_limehouse
11843,Rob,Flello,Labour,"Stoke-on-Trent South",http://www.theyworkforyou.com/mp/11843/rob_flello/stoke-on-trent_south
25319,Colleen,Fletcher,Labour,"Coventry North East",http://www.theyworkforyou.com/mp/25319/colleen_fletcher/coventry_north_east
10202,Caroline,Flint,Labour,"Don Valley",http://www.theyworkforyou.com/mp/10202/caroline_flint/don_valley
10203,Paul,Flynn,Labour,"Newport West",http://www.theyworkforyou.com/mp/10203/paul_flynn/newport_west
25338,Kevin,Foster,Conservative,Torbay,http://www.theyworkforyou.com/mp/25338/kevin_foster/torbay
24805,Yvonne,Fovargue,Labour,Makerfield,http://www.theyworkforyou.com/mp/24805/yvonne_fovargue/makerfield
10213,Liam,Fox,Conservative,"North Somerset",http://www.theyworkforyou.com/mp/10213/liam_fox/north_somerset
25380,Vicky,Foxcroft,Labour,"Lewisham, Deptford",http://www.theyworkforyou.com/mp/25380/vicky_foxcroft/lewisham%2C_deptford
10901,Mark,Francois,Conservative,"Rayleigh and Wickford",http://www.theyworkforyou.com/mp/10901/mark_francois/rayleigh_and_wickford
25399,Lucy,Frazer,Conservative,"South East Cambridgeshire",http://www.theyworkforyou.com/mp/25399/lucy_frazer/south_east_cambridgeshire
24817,George,Freeman,Conservative,"Mid Norfolk",http://www.theyworkforyou.com/mp/24817/george_freeman/mid_norfolk
24934,Mike,Freer,Conservative,"Finchley and Golders Green",http://www.theyworkforyou.com/mp/24934/mike_freer/finchley_and_golders_green
24787,Richard,Fuller,Conservative,Bedford,http://www.theyworkforyou.com/mp/24787/richard_fuller/bedford
25489,Gill,Furniss,Labour,"Sheffield, Brightside and Hillsborough",http://www.theyworkforyou.com/mp/25489/gill_furniss/sheffield%2C_brightside_and_hillsborough
25384,Marcus,Fysh,Conservative,Yeovil,http://www.theyworkforyou.com/mp/25384/marcus_fysh/yeovil
10217,Roger,Gale,Conservative,"North Thanet",http://www.theyworkforyou.com/mp/10217/roger_gale/north_thanet
10219,Mike,Gapes,Labour/Co-operative,"Ilford South",http://www.theyworkforyou.com/mp/10219/mike_gapes/ilford_south
10220,Barry,Gardiner,Labour,"Brent North",http://www.theyworkforyou.com/mp/10220/barry_gardiner/brent_north
10221,Edward,Garnier,Conservative,Harborough,http://www.theyworkforyou.com/mp/10221/edward_garnier/harborough
24824,Mark,Garnier,Conservative,"Wyre Forest",http://www.theyworkforyou.com/mp/24824/mark_garnier/wyre_forest
11633,David,Gauke,Conservative,"South West Hertfordshire",http://www.theyworkforyou.com/mp/11633/david_gauke/south_west_hertfordshire
25324,Stephen,Gethins,"Scottish National Party","North East Fife",http://www.theyworkforyou.com/mp/25324/stephen_gethins/north_east_fife
25354,Nusrat,Ghani,Conservative,Wealden,http://www.theyworkforyou.com/mp/25354/nusrat_ghani/wealden
10225,Nick,Gibb,Conservative,"Bognor Regis and Littlehampton",http://www.theyworkforyou.com/mp/10225/nick_gibb/bognor_regis_and_littlehampton
25300,Patricia,Gibson,"Scottish National Party","North Ayrshire and Arran",http://www.theyworkforyou.com/mp/25300/patricia_gibson/north_ayrshire_and_arran
10228,Cheryl,Gillan,Conservative,"Chesham and Amersham",http://www.theyworkforyou.com/mp/10228/cheryl_gillan/chesham_and_amersham
24917,Pat,Glass,Labour,"North West Durham",http://www.theyworkforyou.com/mp/24917/pat_glass/north_west_durham
24839,John,Glen,Conservative,Salisbury,http://www.theyworkforyou.com/mp/24839/john_glen/salisbury
24927,Mary,Glindon,Labour,"North Tyneside",http://www.theyworkforyou.com/mp/24927/mary_glindon/north_tyneside
10231,Roger,Godsiff,Labour,"Birmingham, Hall Green",http://www.theyworkforyou.com/mp/10231/roger_godsiff/birmingham%2C_hall_green
24911,Zac,Goldsmith,Conservative,"Richmond Park",http://www.theyworkforyou.com/mp/24911/zac_goldsmith/richmond_park
11421,Helen,Goodman,Labour,"Bishop Auckland",http://www.theyworkforyou.com/mp/11421/helen_goodman/bishop_auckland
11804,Robert,Goodwill,Conservative,"Scarborough and Whitby",http://www.theyworkforyou.com/mp/11804/robert_goodwill/scarborough_and_whitby
11858,Michael,Gove,Conservative,"Surrey Heath",http://www.theyworkforyou.com/mp/11858/michael_gove/surrey_heath
25299,Patrick,Grady,"Scottish National Party","Glasgow North",http://www.theyworkforyou.com/mp/25299/patrick_grady/glasgow_north
24921,Richard,Graham,Conservative,Gloucester,http://www.theyworkforyou.com/mp/24921/richard_graham/gloucester
24796,Helen,Grant,Conservative,"Maidstone and The Weald",http://www.theyworkforyou.com/mp/24796/helen_grant/maidstone_and_the_weald
25273,Peter,Grant,"Scottish National Party",Glenrothes,http://www.theyworkforyou.com/mp/25273/peter_grant/glenrothes
10240,James,Gray,Conservative,"North Wiltshire",http://www.theyworkforyou.com/mp/10240/james_gray/north_wiltshire
25293,Neil,Gray,"Scottish National Party","Airdrie and Shotts",http://www.theyworkforyou.com/mp/25293/neil_gray/airdrie_and_shotts
10920,Chris,Grayling,Conservative,"Epsom and Ewell",http://www.theyworkforyou.com/mp/10920/chris_grayling/epsom_and_ewell
25359,Chris,Green,Conservative,"Bolton West",http://www.theyworkforyou.com/mp/25359/chris_green/bolton_west
10241,Damian,Green,Conservative,Ashford,http://www.theyworkforyou.com/mp/10241/damian_green/ashford
24896,Kate,Green,Labour,"Stretford and Urmston",http://www.theyworkforyou.com/mp/24896/kate_green/stretford_and_urmston
11771,Justine,Greening,Conservative,Putney,http://www.theyworkforyou.com/mp/11771/justine_greening/putney
24774,Lilian,Greenwood,Labour,"Nottingham South",http://www.theyworkforyou.com/mp/24774/lilian_greenwood/nottingham_south
25349,Margaret,Greenwood,Labour,"Wirral West",http://www.theyworkforyou.com/mp/25349/margaret_greenwood/wirral_west
10243,Dominic,Grieve,Conservative,Beaconsfield,http://www.theyworkforyou.com/mp/10243/dominic_grieve/beaconsfield
11692,Nia,Griffith,Labour,Llanelli,http://www.theyworkforyou.com/mp/11692/nia_griffith/llanelli
24826,Andrew,Griffiths,Conservative,Burton,http://www.theyworkforyou.com/mp/24826/andrew_griffiths/burton
24922,Ben,Gummer,Conservative,Ipswich,http://www.theyworkforyou.com/mp/24922/ben_gummer/ipswich
11531,Andrew,Gwynne,Labour,"Denton and Reddish",http://www.theyworkforyou.com/mp/11531/andrew_gwynne/denton_and_reddish
24789,Sam,Gyimah,Conservative,"East Surrey",http://www.theyworkforyou.com/mp/24789/sam_gyimah/east_surrey
25357,Louise,Haigh,Labour,"Sheffield, Heeley",http://www.theyworkforyou.com/mp/25357/louise_haigh/sheffield%2C_heeley
24784,Robert,Halfon,Conservative,Harlow,http://www.theyworkforyou.com/mp/24784/robert_halfon/harlow
25373,Luke,Hall,Conservative,"Thornbury and Yate",http://www.theyworkforyou.com/mp/25373/luke_hall/thornbury_and_yate
10256,Fabian,Hamilton,Labour,"Leeds North East",http://www.theyworkforyou.com/mp/10256/fabian_hamilton/leeds_north_east
10257,Philip,Hammond,Conservative,"Runnymede and Weybridge",http://www.theyworkforyou.com/mp/10257/philip_hammond/runnymede_and_weybridge
11927,Stephen,Hammond,Conservative,Wimbledon,http://www.theyworkforyou.com/mp/11927/stephen_hammond/wimbledon
24773,Matthew,Hancock,Conservative,"West Suffolk",http://www.theyworkforyou.com/mp/24773/matthew_hancock/west_suffolk
11610,Greg,Hands,Conservative,"Chelsea and Fulham",http://www.theyworkforyou.com/mp/11610/greg_hands/chelsea_and_fulham
10259,David,Hanson,Labour,Delyn,http://www.theyworkforyou.com/mp/10259/david_hanson/delyn
10260,Harriet,Harman,Labour,"Camberwell and Peckham",http://www.theyworkforyou.com/mp/10260/harriet_harman/camberwell_and_peckham
11588,Mark,Harper,Conservative,"Forest of Dean",http://www.theyworkforyou.com/mp/11588/mark_harper/forest_of_dean
24954,Richard,Harrington,Conservative,Watford,http://www.theyworkforyou.com/mp/24954/richard_harrington/watford
25308,Carolyn,Harris,Labour,"Swansea East",http://www.theyworkforyou.com/mp/25308/carolyn_harris/swansea_east
24731,Rebecca,Harris,Conservative,"Castle Point",http://www.theyworkforyou.com/mp/24731/rebecca_harris/castle_point
24813,Simon,Hart,Conservative,"Carmarthen West and South Pembrokeshire",http://www.theyworkforyou.com/mp/24813/simon_hart/carmarthen_west_and_south_pembrokeshire
10263,Alan,Haselhurst,Conservative,"Saffron Walden",http://www.theyworkforyou.com/mp/10263/alan_haselhurst/saffron_walden
25310,Helen,Hayes,Labour,"Dulwich and West Norwood",http://www.theyworkforyou.com/mp/25310/helen_hayes/dulwich_and_west_norwood
10265,John,Hayes,Conservative,"South Holland and The Deepings",http://www.theyworkforyou.com/mp/10265/john_hayes/south_holland_and_the_deepings
25358,Sue,Hayman,Labour,Workington,http://www.theyworkforyou.com/mp/25358/sue_hayman/workington
10267,Oliver,Heald,Conservative,"North East Hertfordshire",http://www.theyworkforyou.com/mp/10267/oliver_heald/north_east_hertfordshire
10268,John,Healey,Labour,"Wentworth and Dearne",http://www.theyworkforyou.com/mp/10268/john_healey/wentworth_and_dearne
25438,James,Heappey,Conservative,Wells,http://www.theyworkforyou.com/mp/25438/james_heappey/wells
24841,Chris,Heaton-Harris,Conservative,Daventry,http://www.theyworkforyou.com/mp/24841/chris_heaton-harris/daventry
25412,Peter,Heaton-Jones,Conservative,"North Devon",http://www.theyworkforyou.com/mp/25412/peter_heaton-jones/north_devon
24828,Gordon,Henderson,Conservative,"Sittingbourne and Sheppey",http://www.theyworkforyou.com/mp/24828/gordon_henderson/sittingbourne_and_sheppey
10682,Mark,Hendrick,Labour/Co-operative,Preston,http://www.theyworkforyou.com/mp/10682/mark_hendrick/preston
25382,Drew,Hendry,"Scottish National Party","Inverness, Nairn, Badenoch and Strathspey",http://www.theyworkforyou.com/mp/25382/drew_hendry/inverness%2C_nairn%2C_badenoch_and_strathspey
10274,Stephen,Hepburn,Labour,Jarrow,http://www.theyworkforyou.com/mp/10274/stephen_hepburn/jarrow
11377,Nick,Herbert,Conservative,"Arundel and South Downs",http://www.theyworkforyou.com/mp/11377/nick_herbert/arundel_and_south_downs
10958,Sylvia,Hermon,Independent,"North Down",http://www.theyworkforyou.com/mp/10958/sylvia_hermon/north_down
11605,Meg,Hillier,Labour/Co-operative,"Hackney South and Shoreditch",http://www.theyworkforyou.com/mp/11605/meg_hillier/hackney_south_and_shoreditch
24782,Damian,Hinds,Conservative,"East Hampshire",http://www.theyworkforyou.com/mp/24782/damian_hinds/east_hampshire
25427,Simon,Hoare,Conservative,"North Dorset",http://www.theyworkforyou.com/mp/25427/simon_hoare/north_dorset
10281,Margaret,Hodge,Labour,Barking,http://www.theyworkforyou.com/mp/10281/margaret_hodge/barking
11592,Sharon,Hodgson,Labour,"Washington and Sunderland West",http://www.theyworkforyou.com/mp/11592/sharon_hodgson/washington_and_sunderland_west
10282,Kate,Hoey,Labour,Vauxhall,http://www.theyworkforyou.com/mp/10282/kate_hoey/vauxhall
25298,Kate,Hollern,Labour,Blackburn,http://www.theyworkforyou.com/mp/25298/kate_hollern/blackburn
24936,George,Hollingbery,Conservative,"Meon Valley",http://www.theyworkforyou.com/mp/24936/george_hollingbery/meon_valley
25415,Kevin,Hollinrake,Conservative,"Thirsk and Malton",http://www.theyworkforyou.com/mp/25415/kevin_hollinrake/thirsk_and_malton
11661,Philip,Hollobone,Conservative,Kettering,http://www.theyworkforyou.com/mp/11661/philip_hollobone/kettering
11599,Adam,Holloway,Conservative,Gravesham,http://www.theyworkforyou.com/mp/11599/adam_holloway/gravesham
10288,Kelvin,Hopkins,Labour,"Luton North",http://www.theyworkforyou.com/mp/10288/kelvin_hopkins/luton_north
24923,Kris,Hopkins,Conservative,Keighley,http://www.theyworkforyou.com/mp/24923/kris_hopkins/keighley
11973,Stewart,Hosie,"Scottish National Party","Dundee East",http://www.theyworkforyou.com/mp/11973/stewart_hosie/dundee_east
10292,George,Howarth,Labour,Knowsley,http://www.theyworkforyou.com/mp/10292/george_howarth/knowsley
10293,Gerald,Howarth,Conservative,Aldershot,http://www.theyworkforyou.com/mp/10293/gerald_howarth/aldershot
14131,John,Howell,Conservative,Henley,http://www.theyworkforyou.com/mp/14131/john_howell/henley
25334,Ben,Howlett,Conservative,Bath,http://www.theyworkforyou.com/mp/25334/ben_howlett/bath
10295,Lindsay,Hoyle,Labour,Chorley,http://www.theyworkforyou.com/mp/10295/lindsay_hoyle/chorley
25381,Nigel,Huddleston,Conservative,"Mid Worcestershire",http://www.theyworkforyou.com/mp/25381/nigel_huddleston/mid_worcestershire
11859,Jeremy,Hunt,Conservative,"South West Surrey",http://www.theyworkforyou.com/mp/11859/jeremy_hunt/south_west_surrey
24850,Tristram,Hunt,Labour,"Stoke-on-Trent Central",http://www.theyworkforyou.com/mp/24850/tristram_hunt/stoke-on-trent_central
25284,Rupa,Huq,Labour,"Ealing Central and Acton",http://www.theyworkforyou.com/mp/25284/rupa_huq/ealing_central_and_acton
11792,Nick,Hurd,Conservative,"Ruislip, Northwood and Pinner",http://www.theyworkforyou.com/mp/11792/nick_hurd/ruislip%2C_northwood_and_pinner
25375,Imran,Hussain,Labour,"Bradford East",http://www.theyworkforyou.com/mp/25375/imran_hussain/bradford_east
11759,Stewart,Jackson,Conservative,Peterborough,http://www.theyworkforyou.com/mp/11759/stewart_jackson/peterborough
24876,Margot,James,Conservative,Stourbridge,http://www.theyworkforyou.com/mp/24876/margot_james/stourbridge
25067,Dan,Jarvis,Labour,"Barnsley Central",http://www.theyworkforyou.com/mp/25067/dan_jarvis/barnsley_central
24854,Sajid,Javid,Conservative,Bromsgrove,http://www.theyworkforyou.com/mp/24854/sajid_javid/bromsgrove
25419,Ranil,Jayawardena,Conservative,"North East Hampshire",http://www.theyworkforyou.com/mp/25419/ranil_jayawardena/north_east_hampshire
10312,Bernard,Jenkin,Conservative,"Harwich and North Essex",http://www.theyworkforyou.com/mp/10312/bernard_jenkin/harwich_and_north_essex
25431,Andrea,Jenkyns,Conservative,"Morley and Outwood",http://www.theyworkforyou.com/mp/25431/andrea_jenkyns/morley_and_outwood
25227,Robert,Jenrick,Conservative,Newark,http://www.theyworkforyou.com/mp/25227/robert_jenrick/newark
10314,Alan,Johnson,Labour,"Kingston upon Hull West and Hessle",http://www.theyworkforyou.com/mp/10314/alan_johnson/kingston_upon_hull_west_and_hessle
10999,Boris,Johnson,Conservative,"Uxbridge and South Ruislip",http://www.theyworkforyou.com/mp/10999/boris_johnson/uxbridge_and_south_ruislip
11647,"Diana R.",Johnson,Labour,"Kingston upon Hull North",http://www.theyworkforyou.com/mp/11647/diana_r._johnson/kingston_upon_hull_north
24803,Gareth,Johnson,Conservative,Dartford,http://www.theyworkforyou.com/mp/24803/gareth_johnson/dartford
24895,Jo,Johnson,Conservative,Orpington,http://www.theyworkforyou.com/mp/24895/jo_johnson/orpington
24758,Andrew,Jones,Conservative,"Harrogate and Knaresborough",http://www.theyworkforyou.com/mp/24758/andrew_jones/harrogate_and_knaresborough
11506,David,Jones,Conservative,"Clwyd West",http://www.theyworkforyou.com/mp/11506/david_jones/clwyd_west
25289,Gerald,Jones,Labour,"Merthyr Tydfil and Rhymney",http://www.theyworkforyou.com/mp/25289/gerald_jones/merthyr_tydfil_and_rhymney
24835,Graham,Jones,Labour,Hyndburn,http://www.theyworkforyou.com/mp/24835/graham_jones/hyndburn
10319,Helen,Jones,Labour,"Warrington North",http://www.theyworkforyou.com/mp/10319/helen_jones/warrington_north
11003,Kevan,Jones,Labour,"North Durham",http://www.theyworkforyou.com/mp/11003/kevan_jones/north_durham
24745,Marcus,Jones,Conservative,Nuneaton,http://www.theyworkforyou.com/mp/24745/marcus_jones/nuneaton
24720,"Susan Elan",Jones,Labour,"Clwyd South",http://www.theyworkforyou.com/mp/24720/susan_elan_jones/clwyd_south
25220,Mike,Kane,Labour,"Wythenshawe and Sale East",http://www.theyworkforyou.com/mp/25220/mike_kane/wythenshawe_and_sale_east
10327,Gerald,Kaufman,Labour,"Manchester, Gorton",http://www.theyworkforyou.com/mp/10327/gerald_kaufman/manchester%2C_gorton
11817,Daniel,Kawczynski,Conservative,"Shrewsbury and Atcham",http://www.theyworkforyou.com/mp/11817/daniel_kawczynski/shrewsbury_and_atcham
11943,Barbara,Keeley,Labour,"Worsley and Eccles South",http://www.theyworkforyou.com/mp/11943/barbara_keeley/worsley_and_eccles_south
24816,Liz,Kendall,Labour,"Leicester West",http://www.theyworkforyou.com/mp/24816/liz_kendall/leicester_west
25389,Seema,Kennedy,Conservative,"South Ribble",http://www.theyworkforyou.com/mp/25389/seema_kennedy/south_ribble
25325,George,Kerevan,"Scottish National Party","East Lothian",http://www.theyworkforyou.com/mp/25325/george_kerevan/east_lothian
25416,Calum,Kerr,"Scottish National Party","Berwickshire, Roxburgh and Selkirk",http://www.theyworkforyou.com/mp/25416/calum_kerr/berwickshire%2C_roxburgh_and_selkirk
24684,Danny,Kinahan,UUP,"South Antrim",http://www.theyworkforyou.com/mp/24684/danny_kinahan/south_antrim
25297,Stephen,Kinnock,Labour,Aberavon,http://www.theyworkforyou.com/mp/25297/stephen_kinnock/aberavon
24900,Simon,Kirby,Conservative,"Brighton, Kemptown",http://www.theyworkforyou.com/mp/24900/simon_kirby/brighton%2C_kemptown
11026,Greg,Knight,Conservative,"East Yorkshire",http://www.theyworkforyou.com/mp/11026/greg_knight/east_yorkshire
25388,Julian,Knight,Conservative,Solihull,http://www.theyworkforyou.com/mp/25388/julian_knight/solihull
24770,Kwasi,Kwarteng,Conservative,Spelthorne,http://www.theyworkforyou.com/mp/24770/kwasi_kwarteng/spelthorne
25418,Peter,Kyle,Labour,Hove,http://www.theyworkforyou.com/mp/25418/peter_kyle/hove
10348,Eleanor,Laing,Conservative,"Epping Forest",http://www.theyworkforyou.com/mp/10348/eleanor_laing/epping_forest
11032,Norman,Lamb,"Liberal Democrat","North Norfolk",http://www.theyworkforyou.com/mp/11032/norman_lamb/north_norfolk
10678,David,Lammy,Labour,Tottenham,http://www.theyworkforyou.com/mp/10678/david_lammy/tottenham
11715,Mark,Lancaster,Conservative,"Milton Keynes North",http://www.theyworkforyou.com/mp/11715/mark_lancaster/milton_keynes_north
24821,Pauline,Latham,Conservative,"Mid Derbyshire",http://www.theyworkforyou.com/mp/24821/pauline_latham/mid_derbyshire
24963,Ian,Lavery,Labour,Wansbeck,http://www.theyworkforyou.com/mp/24963/ian_lavery/wansbeck
25270,Chris,Law,"Scottish National Party","Dundee West",http://www.theyworkforyou.com/mp/25270/chris_law/dundee_west
24829,Andrea,Leadsom,Conservative,"South Northamptonshire",http://www.theyworkforyou.com/mp/24829/andrea_leadsom/south_northamptonshire
24765,Phillip,Lee,Conservative,Bracknell,http://www.theyworkforyou.com/mp/24765/phillip_lee/bracknell
24760,Jeremy,Lefroy,Conservative,Stafford,http://www.theyworkforyou.com/mp/24760/jeremy_lefroy/stafford
10352,Edward,Leigh,Conservative,Gainsborough,http://www.theyworkforyou.com/mp/10352/edward_leigh/gainsborough
24891,Charlotte,Leslie,Conservative,"Bristol North West",http://www.theyworkforyou.com/mp/24891/charlotte_leslie/bristol_north_west
10354,Chris,Leslie,Labour/Co-operative,"Nottingham East",http://www.theyworkforyou.com/mp/10354/chris_leslie/nottingham_east
10355,Oliver,Letwin,Conservative,"West Dorset",http://www.theyworkforyou.com/mp/10355/oliver_letwin/west_dorset
25181,Emma,Lewell-Buck,Labour,"South Shields",http://www.theyworkforyou.com/mp/25181/emma_lewell-buck/south_shields
24879,Brandon,Lewis,Conservative,"Great Yarmouth",http://www.theyworkforyou.com/mp/24879/brandon_lewis/great_yarmouth
25356,Clive,Lewis,Labour,"Norwich South",http://www.theyworkforyou.com/mp/25356/clive_lewis/norwich_south
10357,Ivan,Lewis,Labour,"Bury South",http://www.theyworkforyou.com/mp/10357/ivan_lewis/bury_south
10358,Julian,Lewis,Conservative,"New Forest East",http://www.theyworkforyou.com/mp/10358/julian_lewis/new_forest_east
11048,Ian,Liddell-Grainger,Conservative,"Bridgwater and West Somerset",http://www.theyworkforyou.com/mp/11048/ian_liddell-grainger/bridgwater_and_west_somerset
10361,David,Lidington,Conservative,Aylesbury,http://www.theyworkforyou.com/mp/10361/david_lidington/aylesbury
10362,Peter,Lilley,Conservative,"Hitchin and Harpenden",http://www.theyworkforyou.com/mp/10362/peter_lilley/hitchin_and_harpenden
25368,Rebecca,Long-Bailey,Labour,"Salford and Eccles",http://www.theyworkforyou.com/mp/25368/rebecca_long-bailey/salford_and_eccles
24716,Jack,Lopresti,Conservative,"Filton and Bradley Stoke",http://www.theyworkforyou.com/mp/24716/jack_lopresti/filton_and_bradley_stoke
24884,Jonathan,Lord,Conservative,Woking,http://www.theyworkforyou.com/mp/24884/jonathan_lord/woking
10371,Tim,Loughton,Conservative,"East Worthing and Shoreham",http://www.theyworkforyou.com/mp/10371/tim_loughton/east_worthing_and_shoreham
24910,Caroline,Lucas,Green,"Brighton, Pavilion",http://www.theyworkforyou.com/mp/24910/caroline_lucas/brighton%2C_pavilion
11057,Ian,Lucas,Labour,Wrexham,http://www.theyworkforyou.com/mp/11057/ian_lucas/wrexham
24856,Karen,Lumley,Conservative,Redditch,http://www.theyworkforyou.com/mp/24856/karen_lumley/redditch
25434,Holly,Lynch,Labour,Halifax,http://www.theyworkforyou.com/mp/25434/holly_lynch/halifax
25437,Craig,Mackinlay,Conservative,"South Thanet",http://www.theyworkforyou.com/mp/25437/craig_mackinlay/south_thanet
25347,David,Mackintosh,Conservative,"Northampton South",http://www.theyworkforyou.com/mp/25347/david_mackintosh/northampton_south
12004,Angus,MacNeil,"Scottish National Party","Na h-Eileanan an Iar",http://www.theyworkforyou.com/mp/12004/angus_macneil/na_h-eileanan_an_iar
10402,Fiona,Mactaggart,Labour,Slough,http://www.theyworkforyou.com/mp/10402/fiona_mactaggart/slough
25378,Justin,Madders,Labour,"Ellesmere Port and Neston",http://www.theyworkforyou.com/mp/25378/justin_madders/ellesmere_port_and_neston
11087,Khalid,Mahmood,Labour,"Birmingham, Perry Barr",http://www.theyworkforyou.com/mp/11087/khalid_mahmood/birmingham%2C_perry_barr
24788,Shabana,Mahmood,Labour,"Birmingham, Ladywood",http://www.theyworkforyou.com/mp/24788/shabana_mahmood/birmingham%2C_ladywood
11798,Anne,Main,Conservative,"St Albans",http://www.theyworkforyou.com/mp/11798/anne_main/st_albans
25285,Alan,Mak,Conservative,Havant,http://www.theyworkforyou.com/mp/25285/alan_mak/havant
25150,Seema,Malhotra,Labour/Co-operative,"Feltham and Heston",http://www.theyworkforyou.com/mp/25150/seema_malhotra/feltham_and_heston
25346,Kit,Malthouse,Conservative,"North West Hampshire",http://www.theyworkforyou.com/mp/25346/kit_malthouse/north_west_hampshire
11093,John,Mann,Labour,Bassetlaw,http://www.theyworkforyou.com/mp/11093/john_mann/bassetlaw
25383,Scott,Mann,Conservative,"North Cornwall",http://www.theyworkforyou.com/mp/25383/scott_mann/north_cornwall
11095,Rob,Marris,Labour,"Wolverhampton South West",http://www.theyworkforyou.com/mp/11095/rob_marris/wolverhampton_south_west
10415,Gordon,Marsden,Labour,"Blackpool South",http://www.theyworkforyou.com/mp/10415/gordon_marsden/blackpool_south
25433,Rachael,Maskell,Labour/Co-operative,"York Central",http://www.theyworkforyou.com/mp/25433/rachael_maskell/york_central
13904,Paul,Maskey,"Sinn Féin","Belfast West",http://www.theyworkforyou.com/mp/13904/paul_maskey/belfast_west
25411,Chris,Matheson,Labour,"City of Chester",http://www.theyworkforyou.com/mp/25411/chris_matheson/city_of_chester
25333,Tania,Mathias,Conservative,Twickenham,http://www.theyworkforyou.com/mp/25333/tania_mathias/twickenham
10426,Theresa,May,Conservative,Maidenhead,http://www.theyworkforyou.com/mp/10426/theresa_may/maidenhead
24764,Paul,Maynard,Conservative,"Blackpool North and Cleveleys",http://www.theyworkforyou.com/mp/24764/paul_maynard/blackpool_north_and_cleveleys
10377,Steve,McCabe,Labour,"Birmingham, Selly Oak",http://www.theyworkforyou.com/mp/10377/steve_mccabe/birmingham%2C_selly_oak
25400,Callum,McCaig,"Scottish National Party","Aberdeen South",http://www.theyworkforyou.com/mp/25400/callum_mccaig/aberdeen_south
11455,Kerry,McCarthy,Labour,"Bristol East",http://www.theyworkforyou.com/mp/11455/kerry_mccarthy/bristol_east
24887,Jason,McCartney,Conservative,"Colne Valley",http://www.theyworkforyou.com/mp/24887/jason_mccartney/colne_valley
24790,Karl,McCartney,Conservative,Lincoln,http://www.theyworkforyou.com/mp/24790/karl_mccartney/lincoln
10381,Siobhain,McDonagh,Labour,"Mitcham and Morden",http://www.theyworkforyou.com/mp/10381/siobhain_mcdonagh/mitcham_and_morden
25169,Andy,McDonald,Labour,Middlesbrough,http://www.theyworkforyou.com/mp/25169/andy_mcdonald/middlesbrough
25322,Stewart,McDonald,"Scottish National Party","Glasgow South",http://www.theyworkforyou.com/mp/25322/stewart_mcdonald/glasgow_south
25301,Stuart,McDonald,"Scottish National Party","Cumbernauld, Kilsyth and Kirkintilloch East",http://www.theyworkforyou.com/mp/25301/stuart_mcdonald/cumbernauld%2C_kilsyth_and_kirkintilloch_east
11402,Alasdair,McDonnell,"Social Democratic and Labour Party","Belfast South",http://www.theyworkforyou.com/mp/11402/alasdair_mcdonnell/belfast_south
10383,"John Martin",McDonnell,Labour,"Hayes and Harlington",http://www.theyworkforyou.com/mp/10383/john_martin_mcdonnell/hayes_and_harlington
11936,Pat,McFadden,Labour,"Wolverhampton South East",http://www.theyworkforyou.com/mp/11936/pat_mcfadden/wolverhampton_south_east
25303,Natalie,McGarry,Independent,"Glasgow East",http://www.theyworkforyou.com/mp/25303/natalie_mcgarry/glasgow_east
25423,Conor,McGinn,Labour,"St Helens North",http://www.theyworkforyou.com/mp/25423/conor_mcginn/st_helens_north
24897,Alison,McGovern,Labour,"Wirral South",http://www.theyworkforyou.com/mp/24897/alison_mcgovern/wirral_south
25230,Liz,McInnes,Labour,"Heywood and Middleton",http://www.theyworkforyou.com/mp/25230/liz_mcinnes/heywood_and_middleton
24818,Catherine,McKinnell,Labour,"Newcastle upon Tyne North",http://www.theyworkforyou.com/mp/24818/catherine_mckinnell/newcastle_upon_tyne_north
14146,Anne,McLaughlin,"Scottish National Party","Glasgow North East",http://www.theyworkforyou.com/mp/14146/anne_mclaughlin/glasgow_north_east
10397,Patrick,McLoughlin,Conservative,"Derbyshire Dales",http://www.theyworkforyou.com/mp/10397/patrick_mcloughlin/derbyshire_dales
25475,Jim,McMahon,Labour,"Oldham West and Royton",http://www.theyworkforyou.com/mp/25475/jim_mcmahon/oldham_west_and_royton
25271,John,McNally,"Scottish National Party",Falkirk,http://www.theyworkforyou.com/mp/25271/john_mcnally/falkirk
24888,Stephen,McPartland,Conservative,Stevenage,http://www.theyworkforyou.com/mp/24888/stephen_mcpartland/stevenage
10428,Alan,Meale,Labour,Mansfield,http://www.theyworkforyou.com/mp/10428/alan_meale/mansfield
24919,Ian,Mearns,Labour,Gateshead,http://www.theyworkforyou.com/mp/24919/ian_mearns/gateshead
24804,Mark,Menzies,Conservative,Fylde,http://www.theyworkforyou.com/mp/24804/mark_menzies/fylde
25367,Johnny,Mercer,Conservative,"Plymouth, Moor View",http://www.theyworkforyou.com/mp/25367/johnny_mercer/plymouth%2C_moor_view
25426,Huw,Merriman,Conservative,"Bexhill and Battle",http://www.theyworkforyou.com/mp/25426/huw_merriman/bexhill_and_battle
24749,Stephen,Metcalfe,Conservative,"South Basildon and East Thurrock",http://www.theyworkforyou.com/mp/24749/stephen_metcalfe/south_basildon_and_east_thurrock
11545,Ed,Miliband,Labour,"Doncaster North",http://www.theyworkforyou.com/mp/11545/ed_miliband/doncaster_north
11389,Maria,Miller,Conservative,Basingstoke,http://www.theyworkforyou.com/mp/11389/maria_miller/basingstoke
25350,Amanda,Milling,Conservative,"Cannock Chase",http://www.theyworkforyou.com/mp/25350/amanda_milling/cannock_chase
24965,Nigel,Mills,Conservative,"Amber Valley",http://www.theyworkforyou.com/mp/24965/nigel_mills/amber_valley
11603,Anne,Milton,Conservative,Guildford,http://www.theyworkforyou.com/mp/11603/anne_milton/guildford
11115,Andrew,Mitchell,Conservative,"Sutton Coldfield",http://www.theyworkforyou.com/mp/11115/andrew_mitchell/sutton_coldfield
13836,Francie,Molloy,"Sinn Féin","Mid Ulster",http://www.theyworkforyou.com/mp/13836/francie_molloy/mid_ulster
25406,Carol,Monaghan,"Scottish National Party","Glasgow North West",http://www.theyworkforyou.com/mp/25406/carol_monaghan/glasgow_north_west
25339,Paul,Monaghan,"Scottish National Party","Caithness, Sutherland and Easter Ross",http://www.theyworkforyou.com/mp/25339/paul_monaghan/caithness%2C_sutherland_and_easter_ross
11450,Madeleine,Moon,Labour,Bridgend,http://www.theyworkforyou.com/mp/11450/madeleine_moon/bridgend
24938,Penny,Mordaunt,Conservative,"Portsmouth North",http://www.theyworkforyou.com/mp/24938/penny_mordaunt/portsmouth_north
11732,Jessica,Morden,Labour,"Newport East",http://www.theyworkforyou.com/mp/11732/jessica_morden/newport_east
24732,Nicky,Morgan,Conservative,Loughborough,http://www.theyworkforyou.com/mp/24732/nicky_morgan/loughborough
24912,"Anne Marie",Morris,Conservative,"Newton Abbot",http://www.theyworkforyou.com/mp/24912/anne_marie_morris/newton_abbot
24966,David,Morris,Conservative,"Morecambe and Lunesdale",http://www.theyworkforyou.com/mp/24966/david_morris/morecambe_and_lunesdale
24715,Grahame,Morris,Labour,Easington,http://www.theyworkforyou.com/mp/24715/grahame_morris/easington
24855,James,Morris,Conservative,"Halesowen and Rowley Regis",http://www.theyworkforyou.com/mp/24855/james_morris/halesowen_and_rowley_regis
25342,Wendy,Morton,Conservative,Aldridge-Brownhills,http://www.theyworkforyou.com/mp/25342/wendy_morton/aldridge-brownhills
24932,David,Mowat,Conservative,"Warrington South",http://www.theyworkforyou.com/mp/24932/david_mowat/warrington_south
11672,Greg,Mulholland,"Liberal Democrat","Leeds North West",http://www.theyworkforyou.com/mp/11672/greg_mulholland/leeds_north_west
25286,Roger,Mullin,"Scottish National Party","Kirkcaldy and Cowdenbeath",http://www.theyworkforyou.com/mp/25286/roger_mullin/kirkcaldy_and_cowdenbeath
11970,David,Mundell,Conservative,"Dumfriesshire, Clydesdale and Tweeddale",http://www.theyworkforyou.com/mp/11970/david_mundell/dumfriesshire%2C_clydesdale_and_tweeddale
24872,Ian,Murray,Labour,"Edinburgh South",http://www.theyworkforyou.com/mp/24872/ian_murray/edinburgh_south
24875,Sheryll,Murray,Conservative,"South East Cornwall",http://www.theyworkforyou.com/mp/24875/sheryll_murray/south_east_cornwall
11132,Andrew,Murrison,Conservative,"South West Wiltshire",http://www.theyworkforyou.com/mp/11132/andrew_murrison/south_west_wiltshire
24831,Lisa,Nandy,Labour,Wigan,http://www.theyworkforyou.com/mp/24831/lisa_nandy/wigan
13736,Bob,Neill,Conservative,"Bromley and Chislehurst",http://www.theyworkforyou.com/mp/13736/bob_neill/bromley_and_chislehurst
25291,Gavin,Newlands,"Scottish National Party","Paisley and Renfrewshire North",http://www.theyworkforyou.com/mp/25291/gavin_newlands/paisley_and_renfrewshire_north
24948,Sarah,Newton,Conservative,"Truro and Falmouth",http://www.theyworkforyou.com/mp/24948/sarah_newton/truro_and_falmouth
25281,John,Nicolson,"Scottish National Party","East Dunbartonshire",http://www.theyworkforyou.com/mp/25281/john_nicolson/east_dunbartonshire
24809,Caroline,Nokes,Conservative,"Romsey and Southampton North",http://www.theyworkforyou.com/mp/24809/caroline_nokes/romsey_and_southampton_north
24827,Jesse,Norman,Conservative,"Hereford and South Herefordshire",http://www.theyworkforyou.com/mp/24827/jesse_norman/hereford_and_south_herefordshire
24877,David,Nuttall,Conservative,"Bury North",http://www.theyworkforyou.com/mp/24877/david_nuttall/bury_north
25370,Brendan,O'Hara,"Scottish National Party","Argyll and Bute",http://www.theyworkforyou.com/mp/25370/brendan_o%27hara/argyll_and_bute
24955,Matthew,Offord,Conservative,Hendon,http://www.theyworkforyou.com/mp/24955/matthew_offord/hendon
25317,Melanie,Onn,Labour,"Great Grimsby",http://www.theyworkforyou.com/mp/25317/melanie_onn/great_grimsby
24807,Chi,Onwurah,Labour,"Newcastle upon Tyne Central",http://www.theyworkforyou.com/mp/24807/chi_onwurah/newcastle_upon_tyne_central
24962,Guy,Opperman,Conservative,Hexham,http://www.theyworkforyou.com/mp/24962/guy_opperman/hexham
25365,Kate,Osamor,Labour/Co-operative,Edmonton,http://www.theyworkforyou.com/mp/25365/kate_osamor/edmonton
11145,George,Osborne,Conservative,Tatton,http://www.theyworkforyou.com/mp/11145/george_osborne/tatton
25294,Kirsten,Oswald,"Scottish National Party","East Renfrewshire",http://www.theyworkforyou.com/mp/25294/kirsten_oswald/east_renfrewshire
11148,Albert,Owen,Labour,"Ynys Môn",http://www.theyworkforyou.com/mp/11148/albert_owen/ynys_mon
13852,Ian,"Paisley Jnr",DUP,"North Antrim",http://www.theyworkforyou.com/mp/13852/ian_paisley_jnr/north_antrim
24779,Neil,Parish,Conservative,"Tiverton and Honiton",http://www.theyworkforyou.com/mp/24779/neil_parish/tiverton_and_honiton
24778,Priti,Patel,Conservative,Witham,http://www.theyworkforyou.com/mp/24778/priti_patel/witham
10473,Owen,Paterson,Conservative,"North Shropshire",http://www.theyworkforyou.com/mp/10473/owen_paterson/north_shropshire
25296,Steven,Paterson,"Scottish National Party",Stirling,http://www.theyworkforyou.com/mp/25296/steven_paterson/stirling
24880,Mark,Pawsey,Conservative,Rugby,http://www.theyworkforyou.com/mp/24880/mark_pawsey/rugby
24956,Teresa,Pearce,Labour,"Erith and Thamesmead",http://www.theyworkforyou.com/mp/24956/teresa_pearce/erith_and_thamesmead
11626,Mike,Penning,Conservative,"Hemel Hempstead",http://www.theyworkforyou.com/mp/11626/mike_penning/hemel_hempstead
25379,Matthew,Pennycook,Labour,"Greenwich and Woolwich",http://www.theyworkforyou.com/mp/25379/matthew_pennycook/greenwich_and_woolwich
11924,John,Penrose,Conservative,Weston-Super-Mare,http://www.theyworkforyou.com/mp/11924/john_penrose/weston-super-mare
24832,Andrew,Percy,Conservative,"Brigg and Goole",http://www.theyworkforyou.com/mp/24832/andrew_percy/brigg_and_goole
24845,Toby,Perkins,Labour,Chesterfield,http://www.theyworkforyou.com/mp/24845/toby_perkins/chesterfield
24915,Claire,Perry,Conservative,Devizes,http://www.theyworkforyou.com/mp/24915/claire_perry/devizes
25364,Jess,Phillips,Labour,"Birmingham, Yardley",http://www.theyworkforyou.com/mp/25364/jess_phillips/birmingham%2C_yardley
24836,Stephen,Phillips,Conservative,"Sleaford and North Hykeham",http://www.theyworkforyou.com/mp/24836/stephen_phillips/sleaford_and_north_hykeham
24709,Bridget,Phillipson,Labour,"Houghton and Sunderland South",http://www.theyworkforyou.com/mp/24709/bridget_phillipson/houghton_and_sunderland_south
25377,Chris,Philp,Conservative,"Croydon South",http://www.theyworkforyou.com/mp/25377/chris_philp/croydon_south
10477,Eric,Pickles,Conservative,"Brentwood and Ongar",http://www.theyworkforyou.com/mp/10477/eric_pickles/brentwood_and_ongar
24747,Christopher,Pincher,Conservative,Tamworth,http://www.theyworkforyou.com/mp/24747/christopher_pincher/tamworth
24756,Daniel,Poulter,Conservative,"Central Suffolk and North Ipswich",http://www.theyworkforyou.com/mp/24756/daniel_poulter/central_suffolk_and_north_ipswich
10484,Steve,Pound,Labour,"Ealing North",http://www.theyworkforyou.com/mp/10484/steve_pound/ealing_north
25407,Rebecca,Pow,Conservative,"Taunton Deane",http://www.theyworkforyou.com/mp/25407/rebecca_pow/taunton_deane
25165,Lucy,Powell,Labour/Co-operative,"Manchester Central",http://www.theyworkforyou.com/mp/25165/lucy_powell/manchester_central
25420,Victoria,Prentis,Conservative,Banbury,http://www.theyworkforyou.com/mp/25420/victoria_prentis/banbury
11172,Mark,Prisk,Conservative,"Hertford and Stortford",http://www.theyworkforyou.com/mp/11172/mark_prisk/hertford_and_stortford
11946,Mark,Pritchard,Conservative,"The Wrekin",http://www.theyworkforyou.com/mp/11946/mark_pritchard/the_wrekin
11174,John,Pugh,"Liberal Democrat",Southport,http://www.theyworkforyou.com/mp/11174/john_pugh/southport
25387,Tom,Pursglove,Conservative,Corby,http://www.theyworkforyou.com/mp/25387/tom_pursglove/corby
25417,Jeremy,Quin,Conservative,Horsham,http://www.theyworkforyou.com/mp/25417/jeremy_quin/horsham
25403,Will,Quince,Conservative,Colchester,http://www.theyworkforyou.com/mp/25403/will_quince/colchester
24775,Yasmin,Qureshi,Labour,"Bolton South East",http://www.theyworkforyou.com/mp/24775/yasmin_qureshi/bolton_south_east
24815,Dominic,Raab,Conservative,"Esher and Walton",http://www.theyworkforyou.com/mp/24815/dominic_raab/esher_and_walton
25429,Angela,Rayner,Labour,Ashton-under-Lyne,http://www.theyworkforyou.com/mp/25429/angela_rayner/ashton-under-lyne
10499,John,Redwood,Conservative,Wokingham,http://www.theyworkforyou.com/mp/10499/john_redwood/wokingham
11511,Jamie,Reed,Labour,Copeland,http://www.theyworkforyou.com/mp/11511/jamie_reed/copeland
25170,Steve,Reed,Labour/Co-operative,"Croydon North",http://www.theyworkforyou.com/mp/25170/steve_reed/croydon_north
25332,Christina,Rees,Labour,Neath,http://www.theyworkforyou.com/mp/25332/christina_rees/neath
24926,Jacob,Rees-Mogg,Conservative,"North East Somerset",http://www.theyworkforyou.com/mp/24926/jacob_rees-mogg/north_east_somerset
24851,Rachel,Reeves,Labour,"Leeds West",http://www.theyworkforyou.com/mp/24851/rachel_reeves/leeds_west
24868,Emma,Reynolds,Labour,"Wolverhampton North East",http://www.theyworkforyou.com/mp/24868/emma_reynolds/wolverhampton_north_east
24929,Jonathan,Reynolds,Labour/Co-operative,"Stalybridge and Hyde",http://www.theyworkforyou.com/mp/24929/jonathan_reynolds/stalybridge_and_hyde
25321,Marie,Rimmer,Labour,"St Helens South and Whiston",http://www.theyworkforyou.com/mp/25321/marie_rimmer/st_helens_south_and_whiston
13856,Margaret,Ritchie,"Social Democratic and Labour Party","South Down",http://www.theyworkforyou.com/mp/13856/margaret_ritchie/south_down
11189,Angus,Robertson,"Scottish National Party",Moray,http://www.theyworkforyou.com/mp/11189/angus_robertson/moray
10505,Laurence,Robertson,Conservative,Tewkesbury,http://www.theyworkforyou.com/mp/10505/laurence_robertson/tewkesbury
25280,Gavin,Robinson,DUP,"Belfast East",http://www.theyworkforyou.com/mp/25280/gavin_robinson/belfast_east
10506,Geoffrey,Robinson,Labour,"Coventry North West",http://www.theyworkforyou.com/mp/10506/geoffrey_robinson/coventry_north_west
25405,Mary,Robinson,Conservative,Cheadle,http://www.theyworkforyou.com/mp/25405/mary_robinson/cheadle
11199,Andrew,Rosindell,Conservative,Romford,http://www.theyworkforyou.com/mp/11199/andrew_rosindell/romford
24935,Steve,Rotheram,Labour,"Liverpool, Walton",http://www.theyworkforyou.com/mp/24935/steve_rotheram/liverpool%2C_walton
24795,Amber,Rudd,Conservative,"Hastings and Rye",http://www.theyworkforyou.com/mp/24795/amber_rudd/hastings_and_rye
24820,David,Rutley,Conservative,Macclesfield,http://www.theyworkforyou.com/mp/24820/david_rutley/macclesfield
10523,Joan,Ryan,Labour,"Enfield North",http://www.theyworkforyou.com/mp/10523/joan_ryan/enfield_north
10525,Alex,Salmond,"Scottish National Party",Gordon,http://www.theyworkforyou.com/mp/10525/alex_salmond/gordon
25363,Antoinette,Sandbach,Conservative,Eddisbury,http://www.theyworkforyou.com/mp/25363/antoinette_sandbach/eddisbury
25302,Liz,Saville-Roberts,"Plaid Cymru","Dwyfor Meirionnydd",http://www.theyworkforyou.com/mp/25302/liz_saville-roberts/dwyfor_meirionnydd
25331,Paul,Scully,Conservative,"Sutton and Cheam",http://www.theyworkforyou.com/mp/25331/paul_scully/sutton_and_cheam
11216,Andrew,Selous,Conservative,"South West Bedfordshire",http://www.theyworkforyou.com/mp/11216/andrew_selous/south_west_bedfordshire
25385,Naseem,Shah,Labour,"Bradford West",http://www.theyworkforyou.com/mp/25385/naseem_shah/bradford_west
13864,Jim,Shannon,DUP,Strangford,http://www.theyworkforyou.com/mp/13864/jim_shannon/strangford
11917,Grant,Shapps,Conservative,"Welwyn Hatfield",http://www.theyworkforyou.com/mp/11917/grant_shapps/welwyn_hatfield
24902,Alok,Sharma,Conservative,"Reading West",http://www.theyworkforyou.com/mp/24902/alok_sharma/reading_west
13934,Virendra,Sharma,Labour,"Ealing, Southall",http://www.theyworkforyou.com/mp/13934/virendra_sharma/ealing%2C_southall
10534,Barry,Sheerman,Labour/Co-operative,Huddersfield,http://www.theyworkforyou.com/mp/10534/barry_sheerman/huddersfield
24893,Alec,Shelbrooke,Conservative,"Elmet and Rothwell",http://www.theyworkforyou.com/mp/24893/alec_shelbrooke/elmet_and_rothwell
25341,Tommy,Sheppard,"Scottish National Party","Edinburgh East",http://www.theyworkforyou.com/mp/25341/tommy_sheppard/edinburgh_east
25421,Paula,Sherriff,Labour,Dewsbury,http://www.theyworkforyou.com/mp/25421/paula_sherriff/dewsbury
24847,Gavin,Shuker,Labour/Co-operative,"Luton South",http://www.theyworkforyou.com/mp/24847/gavin_shuker/luton_south
25344,Tulip,Siddiq,Labour,"Hampstead and Kilburn",http://www.theyworkforyou.com/mp/25344/tulip_siddiq/hampstead_and_kilburn
11892,David,Simpson,DUP,"Upper Bann",http://www.theyworkforyou.com/mp/11892/david_simpson/upper_bann
10542,Keith,Simpson,Conservative,Broadland,http://www.theyworkforyou.com/mp/10542/keith_simpson/broadland
24713,Chris,Skidmore,Conservative,Kingswood,http://www.theyworkforyou.com/mp/24713/chris_skidmore/kingswood
10544,Dennis,Skinner,Labour,Bolsover,http://www.theyworkforyou.com/mp/10544/dennis_skinner/bolsover
11559,Andrew,Slaughter,Labour,Hammersmith,http://www.theyworkforyou.com/mp/11559/andrew_slaughter/hammersmith
25435,Ruth,Smeeth,Labour,"Stoke-on-Trent North",http://www.theyworkforyou.com/mp/25435/ruth_smeeth/stoke-on-trent_north
10545,Andrew,Smith,Labour,"Oxford East",http://www.theyworkforyou.com/mp/10545/andrew_smith/oxford_east
11814,Angela,Smith,Labour,"Penistone and Stocksbridge",http://www.theyworkforyou.com/mp/11814/angela_smith/penistone_and_stocksbridge
25432,Cat,Smith,Labour,"Lancaster and Fleetwood",http://www.theyworkforyou.com/mp/25432/cat_smith/lancaster_and_fleetwood
24691,Chloe,Smith,Conservative,"Norwich North",http://www.theyworkforyou.com/mp/24691/chloe_smith/norwich_north
24802,Henry,Smith,Conservative,Crawley,http://www.theyworkforyou.com/mp/24802/henry_smith/crawley
25366,Jeff,Smith,Labour,"Manchester, Withington",http://www.theyworkforyou.com/mp/25366/jeff_smith/manchester%2C_withington
24961,Julian,Smith,Conservative,"Skipton and Ripon",http://www.theyworkforyou.com/mp/24961/julian_smith/skipton_and_ripon
24728,Nick,Smith,Labour,"Blaenau Gwent",http://www.theyworkforyou.com/mp/24728/nick_smith/blaenau_gwent
24797,Owen,Smith,Labour,Pontypridd,http://www.theyworkforyou.com/mp/24797/owen_smith/pontypridd
25345,Royston,Smith,Conservative,"Southampton, Itchen",http://www.theyworkforyou.com/mp/25345/royston_smith/southampton%2C_itchen
25390,Karin,Smyth,Labour,"Bristol South",http://www.theyworkforyou.com/mp/25390/karin_smyth/bristol_south
10555,Nicholas,Soames,Conservative,"Mid Sussex",http://www.theyworkforyou.com/mp/10555/nicholas_soames/mid_sussex
25436,Amanda,Solloway,Conservative,"Derby North",http://www.theyworkforyou.com/mp/25436/amanda_solloway/derby_north
24772,Anna,Soubry,Conservative,Broxtowe,http://www.theyworkforyou.com/mp/24772/anna_soubry/broxtowe
10558,John,Spellar,Labour,Warley,http://www.theyworkforyou.com/mp/10558/john_spellar/warley
10559,Caroline,Spelman,Conservative,Meriden,http://www.theyworkforyou.com/mp/10559/caroline_spelman/meriden
24909,Mark,Spencer,Conservative,Sherwood,http://www.theyworkforyou.com/mp/24909/mark_spencer/sherwood
25353,Keir,Starmer,Labour,"Holborn and St Pancras",http://www.theyworkforyou.com/mp/25353/keir_starmer/holborn_and_st_pancras
25306,Chris,Stephens,"Scottish National Party","Glasgow South West",http://www.theyworkforyou.com/mp/25306/chris_stephens/glasgow_south_west
24759,Andrew,Stephenson,Conservative,Pendle,http://www.theyworkforyou.com/mp/24759/andrew_stephenson/pendle
25304,Jo,Stevens,Labour,"Cardiff Central",http://www.theyworkforyou.com/mp/25304/jo_stevens/cardiff_central
24799,John,Stevenson,Conservative,Carlisle,http://www.theyworkforyou.com/mp/24799/john_stevenson/carlisle
24907,Bob,Stewart,Conservative,Beckenham,http://www.theyworkforyou.com/mp/24907/bob_stewart/beckenham
24947,Iain,Stewart,Conservative,"Milton Keynes South",http://www.theyworkforyou.com/mp/24947/iain_stewart/milton_keynes_south
24964,Rory,Stewart,Conservative,"Penrith and The Border",http://www.theyworkforyou.com/mp/24964/rory_stewart/penrith_and_the_border
10575,Gary,Streeter,Conservative,"South West Devon",http://www.theyworkforyou.com/mp/10575/gary_streeter/south_west_devon
25320,Wes,Streeting,Labour,"Ilford North",http://www.theyworkforyou.com/mp/25320/wes_streeting/ilford_north
24914,Mel,Stride,Conservative,"Central Devon",http://www.theyworkforyou.com/mp/24914/mel_stride/central_devon
10576,Graham,Stringer,Labour,"Blackley and Broughton",http://www.theyworkforyou.com/mp/10576/graham_stringer/blackley_and_broughton
10577,Gisela,Stuart,Labour,"Birmingham, Edgbaston",http://www.theyworkforyou.com/mp/10577/gisela_stuart/birmingham%2C_edgbaston
11406,Graham,Stuart,Conservative,"Beverley and Holderness",http://www.theyworkforyou.com/mp/11406/graham_stuart/beverley_and_holderness
24853,Julian,Sturdy,Conservative,"York Outer",http://www.theyworkforyou.com/mp/24853/julian_sturdy/york_outer
25428,Rishi,Sunak,Conservative,"Richmond (Yorks)",http://www.theyworkforyou.com/mp/25428/rishi_sunak/richmond_%28yorks%29
10580,Desmond,Swayne,Conservative,"New Forest West",http://www.theyworkforyou.com/mp/10580/desmond_swayne/new_forest_west
11265,Hugo,Swire,Conservative,"East Devon",http://www.theyworkforyou.com/mp/11265/hugo_swire/east_devon
10582,Robert,Syms,Conservative,Poole,http://www.theyworkforyou.com/mp/10582/robert_syms/poole
11267,Mark,Tami,Labour,"Alyn and Deeside",http://www.theyworkforyou.com/mp/11267/mark_tami/alyn_and_deeside
25327,Alison,Thewliss,"Scottish National Party","Glasgow Central",http://www.theyworkforyou.com/mp/25327/alison_thewliss/glasgow_central
25440,Derek,Thomas,Conservative,"St Ives",http://www.theyworkforyou.com/mp/25440/derek_thomas/st_ives
10594,Gareth,Thomas,Labour/Co-operative,"Harrow West",http://www.theyworkforyou.com/mp/10594/gareth_thomas/harrow_west
25279,Nick,Thomas-Symonds,Labour,Torfaen,http://www.theyworkforyou.com/mp/25279/nick_thomas-symonds/torfaen
25278,Owen,Thompson,"Scottish National Party",Midlothian,http://www.theyworkforyou.com/mp/25278/owen_thompson/midlothian
25352,Michelle,Thomson,Independent,"Edinburgh West",http://www.theyworkforyou.com/mp/25352/michelle_thomson/edinburgh_west
11656,Emily,Thornberry,Labour,"Islington South and Finsbury",http://www.theyworkforyou.com/mp/11656/emily_thornberry/islington_south_and_finsbury
25371,Maggie,Throup,Conservative,Erewash,http://www.theyworkforyou.com/mp/25371/maggie_throup/erewash
10596,Stephen,Timms,Labour,"East Ham",http://www.theyworkforyou.com/mp/10596/stephen_timms/east_ham
14128,Edward,Timpson,Conservative,"Crewe and Nantwich",http://www.theyworkforyou.com/mp/14128/edward_timpson/crewe_and_nantwich
25430,Kelly,Tolhurst,Conservative,"Rochester and Strood",http://www.theyworkforyou.com/mp/25430/kelly_tolhurst/rochester_and_strood
24870,Justin,Tomlinson,Conservative,"North Swindon",http://www.theyworkforyou.com/mp/24870/justin_tomlinson/north_swindon
25422,Michael,Tomlinson,Conservative,"Mid Dorset and North Poole",http://www.theyworkforyou.com/mp/25422/michael_tomlinson/mid_dorset_and_north_poole
25290,Craig,Tracey,Conservative,"North Warwickshire",http://www.theyworkforyou.com/mp/25290/craig_tracey/north_warwickshire
10602,David,Tredinnick,Conservative,Bosworth,http://www.theyworkforyou.com/mp/10602/david_tredinnick/bosworth
25439,Anne-Marie,Trevelyan,Conservative,Berwick-upon-Tweed,http://www.theyworkforyou.com/mp/25439/anne-marie_trevelyan/berwick-upon-tweed
10604,Jon,Trickett,Labour,Hemsworth,http://www.theyworkforyou.com/mp/10604/jon_trickett/hemsworth
24941,Elizabeth,Truss,Conservative,"South West Norfolk",http://www.theyworkforyou.com/mp/24941/elizabeth_truss/south_west_norfolk
25374,Thomas,Tugendhat,Conservative,"Tonbridge and Malling",http://www.theyworkforyou.com/mp/25374/thomas_tugendhat/tonbridge_and_malling
25313,Anna,Turley,Labour/Co-operative,Redcar,http://www.theyworkforyou.com/mp/25313/anna_turley/redcar
11291,Andrew,Turner,Conservative,"Isle of Wight",http://www.theyworkforyou.com/mp/11291/andrew_turner/isle_of_wight
24767,Karl,Turner,Labour,"Kingston upon Hull East",http://www.theyworkforyou.com/mp/24767/karl_turner/kingston_upon_hull_east
10610,Derek,Twigg,Labour,Halton,http://www.theyworkforyou.com/mp/10610/derek_twigg/halton
10611,Stephen,Twigg,Labour/Co-operative,"Liverpool, West Derby",http://www.theyworkforyou.com/mp/10611/stephen_twigg/liverpool%2C_west_derby
10613,Andrew,Tyrie,Conservative,Chichester,http://www.theyworkforyou.com/mp/10613/andrew_tyrie/chichester
24950,Chuka,Umunna,Labour,Streatham,http://www.theyworkforyou.com/mp/24950/chuka_umunna/streatham
11905,Ed,Vaizey,Conservative,Wantage,http://www.theyworkforyou.com/mp/11905/ed_vaizey/wantage
11475,Shailesh,Vara,Conservative,"North West Cambridgeshire",http://www.theyworkforyou.com/mp/11475/shailesh_vara/north_west_cambridgeshire
10614,Keith,Vaz,Labour,"Leicester East",http://www.theyworkforyou.com/mp/10614/keith_vaz/leicester_east
24852,Valerie,Vaz,Labour,"Walsall South",http://www.theyworkforyou.com/mp/24852/valerie_vaz/walsall_south
24814,Martin,Vickers,Conservative,Cleethorpes,http://www.theyworkforyou.com/mp/24814/martin_vickers/cleethorpes
11500,Theresa,Villiers,Conservative,"Chipping Barnet",http://www.theyworkforyou.com/mp/11500/theresa_villiers/chipping_barnet
11461,Charles,Walker,Conservative,Broxbourne,http://www.theyworkforyou.com/mp/11461/charles_walker/broxbourne
24862,Robin,Walker,Conservative,Worcester,http://www.theyworkforyou.com/mp/24862/robin_walker/worcester
11668,Ben,Wallace,Conservative,"Wyre and Preston North",http://www.theyworkforyou.com/mp/11668/ben_wallace/wyre_and_preston_north
25372,David,Warburton,Conservative,"Somerton and Frome",http://www.theyworkforyou.com/mp/25372/david_warburton/somerton_and_frome
25395,Matt,Warman,Conservative,"Boston and Skegness",http://www.theyworkforyou.com/mp/25395/matt_warman/boston_and_skegness
11308,Angela,Watkinson,Conservative,"Hornchurch and Upminster",http://www.theyworkforyou.com/mp/11308/angela_watkinson/hornchurch_and_upminster
11309,Tom,Watson,Labour,"West Bromwich East",http://www.theyworkforyou.com/mp/11309/tom_watson/west_bromwich_east
11312,Michael,Weir,"Scottish National Party",Angus,http://www.theyworkforyou.com/mp/11312/michael_weir/angus
25328,Catherine,West,Labour,"Hornsey and Wood Green",http://www.theyworkforyou.com/mp/25328/catherine_west/hornsey_and_wood_green
24930,James,Wharton,Conservative,"Stockton South",http://www.theyworkforyou.com/mp/24930/james_wharton/stockton_south
25398,Helen,Whately,Conservative,"Faversham and Mid Kent",http://www.theyworkforyou.com/mp/25398/helen_whately/faversham_and_mid_kent
24769,Heather,Wheeler,Conservative,"South Derbyshire",http://www.theyworkforyou.com/mp/24769/heather_wheeler/south_derbyshire
24959,Chris,White,Conservative,"Warwick and Leamington",http://www.theyworkforyou.com/mp/24959/chris_white/warwick_and_leamington
24812,Eilidh,Whiteford,"Scottish National Party","Banff and Buchan",http://www.theyworkforyou.com/mp/24812/eilidh_whiteford/banff_and_buchan
10630,Alan,Whitehead,Labour,"Southampton, Test",http://www.theyworkforyou.com/mp/10630/alan_whitehead/southampton%2C_test
25318,Philippa,Whitford,"Scottish National Party","Central Ayrshire",http://www.theyworkforyou.com/mp/25318/philippa_whitford/central_ayrshire
24944,Craig,Whittaker,Conservative,"Calder Valley",http://www.theyworkforyou.com/mp/24944/craig_whittaker/calder_valley
10632,John,Whittingdale,Conservative,Maldon,http://www.theyworkforyou.com/mp/10632/john_whittingdale/maldon
11318,Bill,Wiggin,Conservative,"North Herefordshire",http://www.theyworkforyou.com/mp/11318/bill_wiggin/north_herefordshire
25329,Craig,Williams,Conservative,"Cardiff North",http://www.theyworkforyou.com/mp/25329/craig_williams/cardiff_north
11323,Hywel,Williams,"Plaid Cymru",Arfon,http://www.theyworkforyou.com/mp/11323/hywel_williams/arfon
11489,Mark,Williams,"Liberal Democrat",Ceredigion,http://www.theyworkforyou.com/mp/11489/mark_williams/ceredigion
24729,Gavin,Williamson,Conservative,"South Staffordshire",http://www.theyworkforyou.com/mp/24729/gavin_williamson/south_staffordshire
25401,Corri,Wilson,"Scottish National Party","Ayr, Carrick and Cumnock",http://www.theyworkforyou.com/mp/25401/corri_wilson/ayr%2C_carrick_and_cumnock
13933,Phil,Wilson,Labour,Sedgefield,http://www.theyworkforyou.com/mp/13933/phil_wilson/sedgefield
11773,Rob,Wilson,Conservative,"Reading East",http://www.theyworkforyou.com/mp/11773/rob_wilson/reading_east
11374,Sammy,Wilson,DUP,"East Antrim",http://www.theyworkforyou.com/mp/11374/sammy_wilson/east_antrim
10645,David,Winnick,Labour,"Walsall North",http://www.theyworkforyou.com/mp/10645/david_winnick/walsall_north
10648,Rosie,Winterton,Labour,"Doncaster Central",http://www.theyworkforyou.com/mp/10648/rosie_winterton/doncaster_central
11333,Pete,Wishart,"Scottish National Party","Perth and North Perthshire",http://www.theyworkforyou.com/mp/11333/pete_wishart/perth_and_north_perthshire
24761,Sarah,Wollaston,Conservative,Totnes,http://www.theyworkforyou.com/mp/24761/sarah_wollaston/totnes
25362,Mike,Wood,Conservative,"Dudley South",http://www.theyworkforyou.com/mp/25362/mike_wood/dudley_south
24837,John,Woodcock,Labour/Co-operative,"Barrow and Furness",http://www.theyworkforyou.com/mp/24837/john_woodcock/barrow_and_furness
25360,William,Wragg,Conservative,"Hazel Grove",http://www.theyworkforyou.com/mp/25360/william_wragg/hazel_grove
11362,Iain,Wright,Labour,Hartlepool,http://www.theyworkforyou.com/mp/11362/iain_wright/hartlepool
11791,Jeremy,Wright,Conservative,"Kenilworth and Southam",http://www.theyworkforyou.com/mp/11791/jeremy_wright/kenilworth_and_southam
24822,Nadhim,Zahawi,Conservative,Stratford-on-Avon,http://www.theyworkforyou.com/mp/24822/nadhim_zahawi/stratford-on-avon
25386,Daniel,Zeichner,Labour,Cambridge,http://www.theyworkforyou.com/mp/25386/daniel_zeichner/cambridge
